employee_id,department,salary,new_hire,job_level
1,Sales,103263.6355,No,Salaried
2,Engineering,80708.64104,No,Hourly
4,Engineering,60737.04786,Yes,Hourly
5,Engineering,99116.32328,Yes,Salaried
7,Engineering,51021.64386,No,Hourly
8,Engineering,98399.87194,No,Salaried
10,Engineering,57106.19622,Yes,Hourly
11,Engineering,55065.02797,No,Hourly
12,Engineering,77158.03415,No,Hourly
13,Engineering,48364.61591,No,Hourly
14,Engineering,60944.84791,Yes,Hourly
15,Engineering,59161.46819,No,Hourly
16,Engineering,79324.22957,Yes,Hourly
18,Engineering,77148.76442,No,Hourly
19,Engineering,90410.6727,No,Salaried
20,Engineering,70755.81595,No,Hourly
21,Engineering,49553.539,No,Hourly
22,Engineering,50266.19855,No,Hourly
23,Sales,69598.26208,No,Hourly
24,Engineering,68483.49055,No,Hourly
26,Engineering,72281.0312,No,Hourly
27,Sales,67126.68175,No,Hourly
28,Engineering,78843.21045,No,Hourly
30,Engineering,104444.0974,No,Salaried
31,Engineering,49481.70642,No,Hourly
32,Engineering,94147.28329,No,Salaried
33,Engineering,64901.39323,No,Hourly
35,Sales,71113.65688,Yes,Hourly
36,Engineering,56000.87776,Yes,Hourly
38,Sales,67304.80595,No,Hourly
39,Engineering,53240.6044,No,Hourly
40,Engineering,59104.5609,Yes,Hourly
41,Engineering,74578.68224,No,Hourly
42,Sales,82124.85599,No,Salaried
45,Engineering,98787.23581,No,Salaried
46,Engineering,47445.70409,No,Hourly
47,Sales,58583.13062,No,Hourly
49,Sales,69286.62958,No,Hourly
51,Engineering,64277.94343,No,Hourly
52,Sales,68734.0118,Yes,Hourly
53,Engineering,73416.88275,No,Hourly
54,Engineering,55818.90933,Yes,Hourly
55,Engineering,54506.23049,Yes,Hourly
56,Sales,131067.5929,No,Manager
57,Engineering,58822.03841,No,Hourly
58,Engineering,75409.8366,No,Hourly
60,Sales,50763.08733,No,Hourly
61,Engineering,57299.30235,Yes,Hourly
62,Sales,82881.87396,No,Salaried
63,Engineering,121240.6923,No,Manager
64,Engineering,78375.83878,No,Hourly
65,Engineering,69745.67878,No,Hourly
68,Sales,56939.63704,No,Hourly
70,Engineering,77168.16201,No,Hourly
72,Sales,83765.31995,No,Salaried
73,Engineering,82919.55914,No,Salaried
74,Sales,107643.619,No,Manager
75,Engineering,58219.71594,No,Hourly
76,Engineering,86872.23522,No,Salaried
77,Engineering,92539.25399,Yes,Salaried
78,Engineering,74719.10675,Yes,Hourly
79,Engineering,52725.34443,No,Hourly
80,Engineering,73525.27375,No,Hourly
81,Sales,82283.84572,Yes,Salaried
83,Engineering,85396.65335,No,Salaried
84,Engineering,71739.17991,Yes,Hourly
85,Engineering,76400.94401,No,Hourly
86,Engineering,50973.26937,No,Hourly
88,Engineering,72473.04715,No,Hourly
90,Engineering,78323.22419,Yes,Hourly
91,Sales,72079.66615,No,Hourly
94,Engineering,133493.9205,No,Manager
95,Engineering,60609.478,No,Hourly
96,Engineering,48373.89991,No,Hourly
97,Engineering,63647.61495,Yes,Hourly
98,Engineering,59560.49338,No,Hourly
100,Sales,52709.58743,No,Hourly
101,Engineering,79542.92109,No,Hourly
102,Engineering,67832.66866,No,Hourly
103,Finance,99313.0163,No,Salaried
104,Engineering,130559.4155,No,Manager
105,Engineering,54881.20647,No,Hourly
106,Sales,52680.39429,No,Hourly
107,Engineering,66115.81142,Yes,Hourly
110,Engineering,47803.12048,No,Hourly
112,Engineering,59036.66341,No,Hourly
113,Sales,88238.07282,No,Salaried
116,Engineering,51542.47894,No,Hourly
117,Engineering,88037.07169,No,Salaried
118,Sales,53105.88228,No,Hourly
119,Engineering,64432.80077,Yes,Hourly
120,Sales,99423.13906,No,Salaried
121,Sales,51375.03835,No,Hourly
124,Engineering,67302.33004,No,Hourly
125,Sales,108653.053,No,Manager
126,Engineering,50343.13818,Yes,Hourly
128,Sales,61801.93175,No,Hourly
129,Sales,87335.63596,Yes,Salaried
131,Sales,70083.33336,Yes,Hourly
132,Engineering,72603.40193,Yes,Hourly
133,Finance,121074.1478,Yes,Manager
134,Engineering,91397.44142,No,Salaried
137,Engineering,75173.38286,Yes,Hourly
138,Engineering,56754.47525,No,Hourly
139,Engineering,53055.83619,No,Hourly
140,Finance,88988.78952,No,Salaried
141,Engineering,59214.97363,No,Hourly
142,Sales,131677.7646,No,Manager
143,Engineering,55104.7524,No,Hourly
144,Engineering,50482.08399,No,Hourly
145,Engineering,52013.08115,No,Hourly
147,Engineering,87720.88787,No,Salaried
148,Finance,62239.7917,No,Hourly
150,Engineering,89956.57113,Yes,Salaried
151,Engineering,72176.91737,Yes,Hourly
152,Sales,54953.57839,No,Hourly
153,Engineering,104506.3529,No,Salaried
154,Sales,99830.11794,Yes,Salaried
155,Engineering,53211.87436,No,Hourly
158,Sales,99145.09953,No,Salaried
159,Engineering,60038.16306,No,Hourly
160,Sales,77380.48642,Yes,Hourly
161,Engineering,50398.8453,No,Hourly
162,Engineering,76834.40541,Yes,Hourly
163,Sales,90057.39671,No,Salaried
164,Engineering,117149.8676,Yes,Manager
165,Engineering,85166.22809,No,Salaried
167,Sales,67360.38539,Yes,Hourly
169,Engineering,62823.0546,No,Hourly
170,Engineering,93091.0509,No,Salaried
171,Engineering,61008.09939,No,Hourly
174,Sales,52335.07442,No,Hourly
175,Sales,78817.70721,No,Hourly
176,Sales,51167.39959,Yes,Hourly
177,Finance,67593.16498,No,Hourly
178,Engineering,75042.08297,No,Hourly
179,Engineering,150592.5374,No,Manager
182,Sales,56334.2059,No,Hourly
183,Sales,93265.34557,Yes,Salaried
184,Finance,66612.95614,Yes,Hourly
190,Engineering,67612.50316,Yes,Hourly
192,Engineering,59429.55155,No,Hourly
193,Engineering,60313.12933,No,Hourly
194,Engineering,48100.37852,Yes,Hourly
195,Sales,90613.96156,No,Salaried
197,Engineering,73130.77254,No,Hourly
198,Engineering,76328.15756,No,Hourly
199,Engineering,80552.33059,Yes,Salaried
200,Engineering,122257.5829,Yes,Manager
201,Engineering,68267.22958,No,Hourly
202,Engineering,70510.90965,No,Hourly
204,Sales,90363.1139,Yes,Salaried
205,Sales,53042.60768,No,Hourly
206,Engineering,65037.93988,No,Hourly
207,Sales,58766.0629,No,Hourly
208,Engineering,82177.74255,No,Salaried
211,Engineering,50213.03573,No,Hourly
214,Engineering,58922.764,No,Hourly
215,Sales,85621.16871,No,Salaried
216,Sales,81900.46288,No,Salaried
217,Engineering,103471.6722,No,Salaried
218,Engineering,69872.26705,Yes,Hourly
221,Engineering,64517.68315,No,Hourly
223,Engineering,107376.3421,No,Manager
224,Engineering,56667.66113,Yes,Hourly
226,Engineering,49835.63312,No,Hourly
227,Engineering,80661.21344,No,Hourly
228,Sales,78983.2743,Yes,Hourly
230,Sales,94220.13396,Yes,Salaried
231,Engineering,55990.01832,No,Hourly
233,Engineering,53355.01006,No,Hourly
235,Sales,61121.80536,No,Hourly
238,Engineering,82937.36827,Yes,Salaried
239,Engineering,120338.3357,No,Manager
240,Sales,92939.86271,No,Salaried
241,Engineering,84451.46802,No,Salaried
242,Engineering,57202.57913,No,Hourly
243,Engineering,95446.91191,No,Salaried
244,Sales,61776.23398,Yes,Hourly
245,Engineering,59819.09158,No,Hourly
246,Engineering,66996.3133,No,Hourly
247,Engineering,79916.10805,Yes,Hourly
248,Sales,66981.60704,Yes,Hourly
249,Engineering,95006.73676,No,Salaried
250,Engineering,58382.02327,No,Hourly
252,Engineering,92080.4283,No,Salaried
253,Engineering,54100.59468,No,Hourly
254,Engineering,52430.69449,No,Hourly
256,Engineering,79161.73648,No,Hourly
258,Engineering,106651.0761,No,Manager
259,Engineering,57760.49709,No,Hourly
260,Engineering,108114.1349,Yes,Manager
261,Engineering,124725.4743,Yes,Manager
262,Engineering,95117.07679,No,Salaried
264,Engineering,117162.3903,No,Manager
267,Engineering,77267.42723,No,Hourly
269,Engineering,108010.9368,Yes,Manager
270,Engineering,79937.21126,No,Hourly
271,Engineering,62659.5023,No,Hourly
273,Engineering,69120.34417,Yes,Hourly
274,Engineering,95323.87273,No,Salaried
275,Engineering,61173.3199,No,Hourly
277,Engineering,59179.77747,Yes,Hourly
281,Engineering,90500.53492,No,Salaried
282,Engineering,57069.45982,Yes,Hourly
283,Sales,51965.59312,No,Hourly
284,Engineering,79473.40323,No,Hourly
286,Engineering,47733.63494,No,Hourly
287,Engineering,128703.9815,Yes,Manager
288,Engineering,66510.70525,No,Hourly
291,Sales,63016.92626,Yes,Hourly
292,Engineering,48317.47756,No,Hourly
293,Sales,109408.9245,No,Manager
296,Engineering,84581.60936,No,Salaried
297,Engineering,51113.52198,No,Hourly
298,Sales,70062.56508,No,Hourly
299,Sales,91386.12164,No,Salaried
300,Engineering,58530.01817,No,Hourly
302,Sales,70866.78624,No,Hourly
303,Sales,46133.67358,No,Hourly
304,Engineering,68682.36499,No,Hourly
305,Engineering,60622.36617,No,Hourly
306,Engineering,48465.21768,No,Hourly
307,Sales,92010.43496,No,Salaried
308,Engineering,46972.29276,No,Hourly
309,Engineering,114114.9983,No,Manager
311,Sales,69416.80495,No,Hourly
312,Sales,56969.15111,No,Hourly
314,Sales,56306.47052,Yes,Hourly
315,Engineering,47939.07559,No,Hourly
316,Engineering,88523.66164,Yes,Salaried
319,Engineering,82807.17431,No,Salaried
321,Finance,84663.9407,Yes,Salaried
323,Sales,91660.66818,Yes,Salaried
325,Engineering,88323.43038,No,Salaried
327,Sales,55472.87125,No,Hourly
328,Engineering,88845.26794,No,Salaried
329,Sales,105583.3017,No,Manager
330,Sales,92509.00875,No,Salaried
331,Engineering,85052.50989,No,Salaried
332,Engineering,67189.92881,Yes,Hourly
333,Sales,64305.02726,Yes,Hourly
334,Engineering,69023.80622,No,Hourly
335,Engineering,64592.45641,No,Hourly
336,Engineering,48485.96244,No,Hourly
337,Engineering,100848.1368,No,Salaried
338,Engineering,72689.83272,No,Hourly
339,Engineering,71034.02184,Yes,Hourly
340,Engineering,55030.17442,No,Hourly
341,Engineering,55739.28662,No,Hourly
342,Engineering,67322.3257,No,Hourly
343,Engineering,51817.97464,No,Hourly
346,Engineering,91770.33627,No,Salaried
347,Engineering,91521.57004,Yes,Salaried
349,Sales,126404.0259,No,Manager
350,Engineering,78884.72352,Yes,Hourly
351,Engineering,60561.5035,Yes,Hourly
352,Engineering,70014.01761,No,Hourly
353,Engineering,67373.60411,No,Hourly
355,Engineering,65999.68447,No,Hourly
359,Engineering,62114.27178,No,Hourly
361,Sales,73887.24902,Yes,Hourly
362,Engineering,93043.67201,No,Salaried
363,Sales,104005.882,Yes,Salaried
364,Engineering,94781.36057,No,Salaried
366,Sales,69196.43718,Yes,Hourly
367,Engineering,50476.79806,No,Hourly
369,Engineering,136408.8615,Yes,Manager
372,Engineering,109907.9772,No,Manager
373,Engineering,63869.47152,No,Hourly
374,Engineering,130435.3081,No,Manager
376,Engineering,51025.95385,No,Hourly
377,Engineering,75187.12148,No,Hourly
378,Sales,52426.93451,Yes,Hourly
379,Engineering,89798.18769,No,Salaried
380,Engineering,49085.63891,No,Hourly
381,Engineering,53910.58953,No,Hourly
382,Sales,98536.6352,No,Salaried
384,Engineering,62927.76049,No,Hourly
385,Engineering,71133.48419,No,Hourly
386,Engineering,61254.89449,Yes,Hourly
387,Sales,48577.70871,No,Hourly
388,Sales,47257.6461,No,Hourly
389,Engineering,85344.8175,No,Salaried
390,Engineering,66526.7785,No,Hourly
391,Engineering,47662.01627,No,Hourly
392,Engineering,97159.0406,Yes,Salaried
393,Engineering,66780.59983,No,Hourly
394,Engineering,81082.51162,No,Hourly
395,Engineering,71255.37619,Yes,Hourly
396,Engineering,69377.0431,No,Hourly
397,Engineering,87448.94681,No,Salaried
399,Sales,78712.93204,No,Hourly
401,Sales,78448.55424,No,Hourly
403,Engineering,164072.581,Yes,Manager
404,Sales,76633.52637,No,Hourly
405,Engineering,89089.69721,No,Salaried
406,Sales,70462.88699,Yes,Hourly
407,Engineering,61387.64473,No,Hourly
408,Engineering,50730.83081,Yes,Hourly
410,Sales,70151.64795,No,Hourly
411,Sales,58966.65997,No,Hourly
412,Engineering,84768.6779,No,Salaried
416,Sales,53916.68759,No,Hourly
417,Engineering,67881.12464,No,Hourly
419,Engineering,98474.4317,Yes,Salaried
420,Sales,74584.21404,No,Hourly
421,Engineering,68748.96329,Yes,Hourly
422,Engineering,54076.18636,Yes,Hourly
423,Engineering,64536.4674,Yes,Hourly
424,Finance,67613.34435,No,Hourly
425,Engineering,98818.89066,No,Salaried
426,Engineering,77066.88694,Yes,Hourly
428,Engineering,86015.51951,No,Salaried
429,Engineering,82660.30871,Yes,Salaried
430,Engineering,89148.58283,Yes,Salaried
431,Engineering,56414.21053,No,Hourly
433,Engineering,93967.1279,No,Salaried
434,Engineering,52780.11287,No,Hourly
436,Sales,46982.98152,Yes,Hourly
437,Sales,61050.48193,Yes,Hourly
438,Sales,63639.08053,No,Hourly
439,Engineering,64866.15866,No,Hourly
440,Engineering,61953.46713,Yes,Hourly
441,Engineering,105241.1184,No,Manager
442,Engineering,79053.37932,No,Hourly
444,Engineering,58672.70462,No,Hourly
445,Sales,77974.70654,No,Hourly
446,Sales,55073.66985,No,Hourly
447,Engineering,60394.53949,No,Hourly
448,Engineering,52182.30396,No,Hourly
449,Sales,55361.11735,No,Hourly
450,Engineering,55722.10635,No,Hourly
451,Engineering,62114.48016,Yes,Hourly
452,Engineering,71276.1068,No,Hourly
453,Sales,71892.76574,Yes,Hourly
454,Engineering,64237.44986,No,Hourly
455,Engineering,57288.7361,No,Hourly
456,Sales,77300.80552,No,Hourly
458,Sales,63055.28625,Yes,Hourly
460,Engineering,83756.11863,No,Salaried
461,Engineering,71285.66162,Yes,Hourly
462,Engineering,69134.15008,No,Hourly
463,Sales,88213.90315,No,Salaried
464,Engineering,57689.38275,No,Hourly
465,Engineering,49553.6248,No,Hourly
466,Engineering,63352.61346,No,Hourly
467,Sales,90662.21439,Yes,Salaried
468,Engineering,129275.5187,No,Manager
469,Sales,79176.24485,No,Hourly
470,Finance,54791.30549,No,Hourly
471,Engineering,82202.61595,No,Salaried
473,Sales,134445.9452,Yes,Manager
474,Engineering,111726.1535,No,Manager
475,Sales,61191.66099,Yes,Hourly
476,Sales,73156.76307,Yes,Hourly
477,Engineering,75726.01033,Yes,Hourly
478,Sales,84386.89083,No,Salaried
479,Sales,54863.32394,Yes,Hourly
481,Sales,51945.54888,Yes,Hourly
482,Engineering,64377.08794,No,Hourly
483,Engineering,63806.03769,No,Hourly
484,Sales,92783.86058,No,Salaried
485,Sales,74267.38247,No,Hourly
486,Engineering,77870.53773,No,Hourly
487,Engineering,57721.71333,No,Hourly
488,Sales,111006.9782,No,Manager
491,Engineering,58490.59249,No,Hourly
492,Sales,76131.05228,No,Hourly
493,Engineering,82189.05494,Yes,Salaried
494,Sales,53745.74092,No,Hourly
495,Engineering,49374.50736,No,Hourly
496,Engineering,49493.0169,No,Hourly
497,Engineering,92920.21912,Yes,Salaried
498,Sales,65243.09354,Yes,Hourly
499,Engineering,106789.512,Yes,Manager
500,Sales,70468.83764,No,Hourly
501,Engineering,108694.2205,No,Manager
502,Sales,70085.97323,No,Hourly
505,Engineering,137546.0212,No,Manager
507,Sales,70559.04982,Yes,Hourly
508,Sales,63489.17488,No,Hourly
510,Engineering,57583.02069,No,Hourly
511,Engineering,74657.52434,No,Hourly
513,Sales,47497.65146,No,Hourly
514,Engineering,78619.22862,No,Hourly
515,Engineering,62417.34943,No,Hourly
516,Sales,89220.27396,No,Salaried
517,Engineering,64487.25222,No,Hourly
518,Engineering,67558.34263,No,Hourly
520,Engineering,59759.57599,No,Hourly
521,Engineering,61515.52416,No,Hourly
522,Engineering,68659.7259,No,Hourly
523,Sales,72646.27123,No,Hourly
524,Engineering,73687.22471,No,Hourly
525,Engineering,93895.07951,No,Salaried
526,Engineering,118657.0848,Yes,Manager
527,Sales,62462.62703,No,Hourly
529,Engineering,68452.76856,No,Hourly
530,Engineering,94418.63548,No,Salaried
531,Engineering,69041.44445,Yes,Hourly
532,Sales,55411.57299,No,Hourly
533,Sales,77147.29648,Yes,Hourly
534,Sales,78678.32423,No,Hourly
536,Engineering,96420.96265,No,Salaried
538,Engineering,103111.3392,No,Salaried
543,Engineering,69412.97679,No,Hourly
544,Engineering,103206.2224,Yes,Salaried
546,Engineering,75805.99236,No,Hourly
547,Engineering,61118.07126,No,Hourly
548,Engineering,56955.20456,No,Hourly
549,Engineering,65507.27854,No,Hourly
550,Engineering,62205.91266,No,Hourly
551,Engineering,65031.98816,Yes,Hourly
554,Sales,76207.7812,Yes,Hourly
555,Sales,57486.16528,No,Hourly
556,Engineering,50310.3138,No,Hourly
558,Sales,97108.40987,No,Salaried
560,Engineering,54678.32537,No,Hourly
562,Engineering,66499.9822,No,Hourly
564,Engineering,43819.5559,Yes,Hourly
565,Engineering,48655.86351,No,Hourly
566,Finance,77467.12463,No,Hourly
567,Sales,76707.95069,No,Hourly
568,Sales,78305.12128,Yes,Hourly
569,Engineering,69922.58297,No,Hourly
571,Engineering,105371.6029,No,Manager
573,Sales,73431.03146,No,Hourly
574,Engineering,71882.32049,Yes,Hourly
575,Engineering,74668.78486,Yes,Hourly
577,Engineering,54639.60081,No,Hourly
578,Engineering,98204.58696,No,Salaried
579,Engineering,55107.10588,Yes,Hourly
580,Sales,112631.3355,No,Manager
581,Engineering,67718.25989,No,Hourly
582,Engineering,50404.9471,No,Hourly
584,Engineering,63326.86977,No,Hourly
585,Sales,73914.61826,No,Hourly
586,Engineering,61669.99501,No,Hourly
587,Engineering,72587.70869,No,Hourly
590,Finance,77782.46617,No,Hourly
591,Engineering,61664.77248,No,Hourly
592,Sales,70788.74416,No,Hourly
593,Engineering,62857.00526,Yes,Hourly
595,Sales,82875.21286,Yes,Salaried
597,Sales,84652.245,Yes,Salaried
599,Sales,73401.7003,No,Hourly
600,Sales,62467.90489,Yes,Hourly
601,Engineering,58040.54084,No,Hourly
602,Engineering,87721.56149,No,Salaried
604,Sales,73937.5052,No,Hourly
605,Engineering,72610.70506,No,Hourly
606,Sales,121317.9,No,Manager
608,Finance,88225.29047,No,Salaried
611,Engineering,64117.87306,No,Hourly
612,Engineering,48388.68729,Yes,Hourly
613,Sales,72982.55277,Yes,Hourly
614,Sales,77694.48945,No,Hourly
615,Sales,101062.3489,Yes,Salaried
616,Engineering,67426.40402,No,Hourly
618,Sales,81014.75734,No,Hourly
620,Sales,61835.8082,Yes,Hourly
621,Sales,62414.92458,No,Hourly
622,Engineering,95239.91204,Yes,Salaried
623,Engineering,98470.14659,No,Salaried
624,Engineering,59071.04924,No,Hourly
625,Sales,59127.26215,No,Hourly
626,Sales,76601.26659,No,Hourly
630,Engineering,77468.44965,No,Hourly
631,Sales,73735.63437,No,Hourly
632,Sales,59497.95404,No,Hourly
634,Engineering,90760.6403,No,Salaried
635,Engineering,73486.48098,Yes,Hourly
638,Engineering,85796.11261,No,Salaried
639,Engineering,75846.60202,No,Hourly
641,Sales,51950.96793,No,Hourly
643,Engineering,59366.53206,No,Hourly
644,Finance,51674.04213,No,Hourly
645,Sales,75371.27929,Yes,Hourly
647,Engineering,54487.92694,No,Hourly
648,Sales,72136.3664,No,Hourly
649,Engineering,78063.76729,No,Hourly
650,Sales,64260.17655,Yes,Hourly
652,Engineering,52723.86564,No,Hourly
653,Sales,56406.5762,Yes,Hourly
655,Engineering,62425.93408,No,Hourly
656,Sales,53307.08474,No,Hourly
657,Engineering,53041.27391,No,Hourly
659,Engineering,56272.58081,No,Hourly
661,Engineering,89142.70419,No,Salaried
662,Engineering,72276.31232,Yes,Hourly
663,Engineering,67777.55339,Yes,Hourly
664,Engineering,56177.75868,No,Hourly
665,Finance,78332.59816,No,Hourly
666,Sales,90390.65114,No,Salaried
667,Sales,66240.52676,No,Hourly
669,Sales,59115.19249,Yes,Hourly
671,Engineering,55583.57755,No,Hourly
675,Engineering,65745.30539,No,Hourly
677,Sales,69393.78776,Yes,Hourly
679,Engineering,90210.4151,Yes,Salaried
680,Engineering,59604.77773,No,Hourly
682,Sales,62414.73747,Yes,Hourly
683,Engineering,75090.85815,No,Hourly
684,Sales,64062.85709,No,Hourly
686,Engineering,71562.66988,No,Hourly
689,Engineering,60237.52811,Yes,Hourly
690,Sales,55695.05174,No,Hourly
691,Engineering,67031.93282,Yes,Hourly
692,Engineering,92049.33157,Yes,Salaried
698,Finance,72036.5668,No,Hourly
699,Engineering,70529.31477,No,Hourly
700,Engineering,65141.08917,No,Hourly
701,Engineering,90774.76498,No,Salaried
702,Engineering,76594.64268,No,Hourly
704,Engineering,75130.68374,No,Hourly
705,Engineering,68745.72337,No,Hourly
707,Sales,59399.5415,Yes,Hourly
709,Sales,57180.41716,No,Hourly
710,Engineering,67110.61029,No,Hourly
712,Sales,52694.85269,No,Hourly
714,Sales,72646.25474,No,Hourly
715,Engineering,82594.32898,No,Salaried
716,Engineering,84841.9643,No,Salaried
717,Engineering,64108.0329,No,Hourly
720,Sales,90675.20449,No,Salaried
721,Engineering,72926.75918,Yes,Hourly
722,Sales,57203.44343,No,Hourly
723,Sales,97655.22766,No,Salaried
724,Engineering,54976.21426,No,Hourly
725,Engineering,58006.36298,No,Hourly
727,Engineering,76584.70822,No,Hourly
728,Sales,48938.57888,No,Hourly
729,Sales,91835.54746,No,Salaried
730,Engineering,124835.9161,No,Manager
731,Finance,49627.22612,No,Hourly
732,Sales,71185.44186,No,Hourly
733,Engineering,93271.75602,Yes,Salaried
734,Finance,77370.35368,No,Hourly
738,Sales,99937.8268,No,Salaried
741,Engineering,52841.77123,No,Hourly
742,Engineering,61726.25612,Yes,Hourly
743,Engineering,76779.28636,No,Hourly
744,Engineering,72793.10248,No,Hourly
746,Sales,70493.62663,No,Hourly
747,Sales,63246.0885,Yes,Hourly
749,Sales,67734.51514,No,Hourly
752,Engineering,63882.93278,No,Hourly
754,Sales,66163.61617,No,Hourly
757,Engineering,60520.77108,No,Hourly
758,Engineering,58931.02709,No,Hourly
760,Finance,102156.4049,No,Salaried
762,Engineering,87799.65136,No,Salaried
763,Engineering,77513.40202,No,Hourly
764,Engineering,56720.73971,No,Hourly
766,Sales,62350.55681,No,Hourly
769,Engineering,108148.8036,Yes,Salaried
771,Engineering,59155.381,No,Hourly
772,Engineering,55488.87848,No,Hourly
773,Engineering,77872.83003,Yes,Hourly
775,Engineering,89501.2993,No,Salaried
776,Sales,95426.91018,No,Salaried
780,Engineering,88567.79718,No,Salaried
781,Sales,87864.2371,No,Salaried
783,Sales,58586.53213,No,Hourly
784,Engineering,85848.67313,Yes,Salaried
785,Sales,49516.41164,No,Hourly
786,Sales,64896.55969,No,Hourly
787,Engineering,94833.00699,Yes,Salaried
789,Sales,93173.21178,No,Salaried
791,Engineering,120562.4301,No,Manager
792,Engineering,82717.59539,Yes,Salaried
793,Engineering,108077.431,No,Manager
796,Sales,64523.32147,Yes,Hourly
797,Engineering,100952.2598,No,Salaried
799,Engineering,81050.18882,No,Hourly
800,Sales,70461.50759,Yes,Hourly
802,Engineering,76982.39528,Yes,Hourly
803,Engineering,74672.99479,No,Hourly
804,Engineering,53653.76645,No,Hourly
805,Sales,63856.74074,No,Hourly
806,Engineering,90043.92656,No,Salaried
807,Engineering,76553.8581,No,Hourly
808,Sales,79894.08591,No,Hourly
809,Engineering,70177.39822,No,Hourly
811,Engineering,74480.09465,No,Hourly
812,Engineering,58898.71742,No,Hourly
813,Engineering,55146.44099,Yes,Hourly
815,Engineering,55036.04863,Yes,Hourly
816,Engineering,73229.19107,No,Hourly
817,Engineering,84330.20044,Yes,Salaried
819,Sales,54849.36185,No,Hourly
820,Engineering,83737.30906,No,Salaried
823,Engineering,76402.86565,Yes,Hourly
824,Engineering,89796.04982,Yes,Salaried
825,Engineering,77326.03661,Yes,Hourly
826,Engineering,87109.52029,No,Salaried
827,Engineering,80387.21056,No,Hourly
828,Engineering,60919.82033,No,Hourly
829,Finance,45714.06616,No,Hourly
830,Engineering,69750.63464,No,Hourly
832,Engineering,55763.64961,Yes,Hourly
833,Engineering,101594.9516,Yes,Salaried
834,Engineering,82611.53875,No,Hourly
836,Engineering,62346.61343,No,Hourly
837,Engineering,86352.12023,Yes,Salaried
838,Engineering,62947.94418,No,Hourly
840,Sales,94478.28295,No,Salaried
842,Sales,69100.7462,Yes,Hourly
843,Engineering,130360.3063,No,Manager
844,Engineering,59083.58498,No,Hourly
845,Engineering,60813.16988,No,Hourly
846,Sales,65588.26075,No,Hourly
847,Finance,67648.29332,Yes,Hourly
848,Engineering,62438.09489,No,Hourly
850,Engineering,64408.31228,No,Hourly
851,Sales,55875.89401,No,Hourly
852,Engineering,103637.4025,No,Salaried
854,Engineering,118438.8051,No,Manager
855,Sales,84118.12606,Yes,Salaried
856,Engineering,84165.08568,No,Salaried
857,Sales,62352.12543,Yes,Hourly
859,Sales,87742.25901,Yes,Salaried
861,Engineering,56929.55916,Yes,Hourly
862,Sales,124644.1405,No,Manager
864,Sales,65579.35159,No,Hourly
865,Engineering,68292.7211,Yes,Hourly
867,Engineering,48507.48225,Yes,Hourly
868,Sales,59360.55088,No,Hourly
869,Finance,73424.22873,No,Hourly
872,Engineering,64702.37064,No,Hourly
874,Engineering,89417.83588,Yes,Salaried
875,Engineering,72567.76556,No,Hourly
878,Finance,51647.96482,No,Hourly
879,Sales,95216.85621,No,Salaried
880,Engineering,79758.58661,No,Hourly
881,Engineering,111039.1394,Yes,Manager
882,Engineering,58623.26952,Yes,Hourly
885,Sales,58223.47324,Yes,Hourly
887,Engineering,85985.70633,No,Salaried
888,Engineering,50454.35348,Yes,Hourly
889,Sales,62918.63927,No,Hourly
893,Sales,48223.92676,No,Hourly
894,Engineering,83165.93842,No,Salaried
895,Engineering,52521.36688,No,Hourly
896,Sales,56072.66428,No,Hourly
897,Sales,97502.92542,No,Salaried
899,Engineering,57103.57881,No,Hourly
900,Sales,80420.02603,No,Hourly
901,Engineering,58588.13255,No,Hourly
902,Engineering,67669.02581,No,Hourly
903,Sales,99187.82408,No,Salaried
904,Sales,54192.89033,No,Hourly
905,Engineering,51005.01957,Yes,Hourly
909,Finance,58376.89239,No,Hourly
910,Finance,52211.30577,No,Hourly
911,Engineering,50273.06372,No,Hourly
912,Engineering,92777.28275,No,Salaried
913,Engineering,80257.99767,No,Hourly
916,Sales,66608.19473,No,Hourly
918,Engineering,71221.42673,No,Hourly
920,Engineering,134473.6472,Yes,Manager
922,Sales,53077.14306,No,Hourly
923,Engineering,86243.49085,No,Salaried
924,Engineering,72213.18405,No,Hourly
925,Sales,52559.1651,Yes,Hourly
926,Engineering,66796.8028,No,Hourly
927,Engineering,61259.5528,No,Hourly
930,Engineering,95559.76185,Yes,Salaried
932,Engineering,53112.10668,No,Hourly
933,Engineering,56311.00819,No,Hourly
934,Engineering,76159.88091,No,Hourly
936,Sales,98890.58261,No,Salaried
939,Engineering,68191.85129,Yes,Hourly
940,Engineering,121012.7997,No,Manager
941,Sales,59827.37894,No,Hourly
942,Engineering,68608.62279,Yes,Hourly
944,Engineering,79242.54313,Yes,Hourly
945,Engineering,52655.39802,No,Hourly
947,Sales,70626.94338,No,Hourly
949,Engineering,86560.73519,No,Salaried
950,Engineering,64883.99575,Yes,Hourly
951,Engineering,64363.60955,No,Hourly
952,Sales,48967.30589,No,Hourly
954,Sales,79290.18808,No,Hourly
956,Sales,131591.4341,No,Manager
957,Engineering,79199.23288,No,Hourly
958,Engineering,84916.69452,No,Salaried
959,Sales,52453.38449,No,Hourly
960,Engineering,65000.82029,No,Hourly
961,Engineering,48809.79511,Yes,Hourly
964,Engineering,91371.75906,Yes,Salaried
966,Engineering,78307.95484,No,Hourly
967,Sales,125720.9357,No,Manager
969,Engineering,111075.4236,Yes,Manager
970,Sales,82897.42082,Yes,Salaried
972,Engineering,87144.27163,No,Salaried
974,Sales,72326.31225,No,Hourly
975,Sales,46170.57689,No,Hourly
976,Engineering,92151.60019,No,Salaried
977,Engineering,63661.73531,Yes,Hourly
981,Sales,66020.8704,No,Hourly
982,Sales,56790.13819,Yes,Hourly
983,Sales,96126.14004,No,Salaried
984,Sales,103466.0394,Yes,Manager
985,Sales,104184.6817,No,Salaried
986,Sales,57040.87129,No,Hourly
987,Engineering,55151.39485,No,Hourly
990,Sales,62310.09344,No,Hourly
991,Engineering,85166.90162,Yes,Salaried
992,Sales,50902.50811,No,Hourly
994,Engineering,53060.90485,No,Hourly
995,Engineering,70334.00682,No,Hourly
996,Engineering,104743.0907,No,Salaried
997,Engineering,54591.46326,No,Hourly
998,Engineering,65424.70527,Yes,Hourly
999,Engineering,80346.17447,No,Hourly
1001,Engineering,82514.63648,No,Hourly
1002,Engineering,60255.92325,No,Hourly
1003,Sales,64740.73845,No,Hourly
1004,Engineering,89575.46779,No,Salaried
1005,Engineering,60581.59866,No,Hourly
1006,Engineering,58409.77722,No,Hourly
1007,Engineering,67189.75752,No,Hourly
1009,Engineering,59013.7393,Yes,Hourly
1010,Engineering,72208.82669,No,Hourly
1011,Engineering,53130.37218,No,Hourly
1012,Engineering,105492.7794,No,Manager
1013,Engineering,64953.78746,Yes,Hourly
1014,Engineering,58366.73878,No,Hourly
1015,Engineering,56206.71918,No,Hourly
1016,Engineering,53331.9732,No,Hourly
1017,Engineering,49985.07418,Yes,Hourly
1018,Engineering,64904.8381,No,Hourly
1019,Engineering,75944.09665,No,Hourly
1022,Engineering,78770.98291,Yes,Hourly
1024,Engineering,52877.27044,No,Hourly
1025,Engineering,85126.67581,Yes,Salaried
1026,Engineering,59656.83119,No,Hourly
1027,Engineering,58338.67009,No,Hourly
1028,Engineering,73966.35917,Yes,Hourly
1029,Sales,47018.69262,No,Hourly
1030,Engineering,106812.006,Yes,Salaried
1032,Engineering,52967.74477,Yes,Hourly
1033,Engineering,58018.52441,Yes,Hourly
1034,Engineering,70379.1436,No,Hourly
1035,Engineering,61563.21971,No,Hourly
1036,Sales,79220.73698,No,Hourly
1037,Sales,68038.28605,No,Hourly
1038,Sales,75401.36975,Yes,Hourly
1039,Sales,67484.09575,Yes,Hourly
1040,Sales,51161.87312,No,Hourly
1042,Engineering,85409.38994,Yes,Salaried
1043,Engineering,51462.27371,No,Hourly
1044,Sales,48855.74571,No,Hourly
1045,Sales,66291.07573,No,Hourly
1046,Engineering,75024.30639,No,Hourly
1047,Sales,51662.96485,No,Hourly
1048,Sales,60362.2498,No,Hourly
1049,Finance,54624.91244,No,Hourly
1050,Sales,53723.40421,No,Hourly
1052,Engineering,57769.6366,No,Hourly
1053,Engineering,102978.1771,No,Salaried
1055,Sales,90708.50842,Yes,Salaried
1056,Sales,103685.0643,No,Salaried
1060,Engineering,49976.04766,No,Hourly
1061,Engineering,70272.69418,Yes,Hourly
1062,Engineering,57300.35272,No,Hourly
1066,Sales,88592.97974,No,Salaried
1068,Engineering,63407.08084,No,Hourly
1069,Engineering,70418.51937,No,Hourly
1070,Sales,53206.34541,No,Hourly
1071,Engineering,97594.73724,No,Salaried
1073,Engineering,77247.78221,No,Hourly
1074,Engineering,65550.28365,No,Hourly
1076,Sales,96543.25113,Yes,Salaried
1077,Sales,65665.67701,No,Hourly
1079,Engineering,96800.56002,No,Salaried
1080,Engineering,67371.44292,No,Hourly
1081,Engineering,65482.57586,No,Hourly
1082,Engineering,64341.43385,No,Hourly
1083,Engineering,96999.50263,Yes,Salaried
1084,Engineering,100642.2721,No,Salaried
1085,Engineering,62260.23683,No,Hourly
1088,Engineering,64920.86294,No,Hourly
1092,Engineering,54382.78582,No,Hourly
1094,Engineering,52062.05153,No,Hourly
1096,Engineering,93240.03498,No,Salaried
1097,Engineering,52351.10489,No,Hourly
1098,Finance,92946.36845,Yes,Salaried
1099,Engineering,75244.68344,No,Hourly
1100,Sales,63126.02765,No,Hourly
1101,Engineering,79862.61494,Yes,Hourly
1102,Engineering,85296.55976,No,Salaried
1103,Engineering,70005.33353,No,Hourly
1105,Sales,58008.23194,No,Hourly
1106,Engineering,79715.85824,No,Hourly
1107,Engineering,52232.44502,No,Hourly
1108,Engineering,89720.30673,No,Salaried
1109,Engineering,71888.55861,No,Hourly
1111,Engineering,83516.4143,No,Salaried
1113,Sales,53119.98894,Yes,Hourly
1114,Sales,60234.14571,No,Hourly
1115,Engineering,65755.1017,Yes,Hourly
1116,Engineering,87910.8155,No,Salaried
1117,Sales,91390.57509,No,Salaried
1118,Engineering,74442.29281,No,Hourly
1119,Sales,131079.9224,Yes,Manager
1120,Engineering,53551.28728,No,Hourly
1121,Engineering,74249.50192,Yes,Hourly
1124,Sales,76082.5477,Yes,Hourly
1125,Sales,91828.46298,No,Salaried
1126,Engineering,55179.8829,No,Hourly
1127,Engineering,93486.43314,No,Salaried
1128,Engineering,69010.14977,No,Hourly
1131,Engineering,93266.42141,No,Salaried
1132,Engineering,52315.74753,No,Hourly
1133,Engineering,82788.50751,No,Salaried
1135,Sales,62441.75463,Yes,Hourly
1136,Engineering,76677.67597,Yes,Hourly
1137,Sales,58515.65587,Yes,Hourly
1138,Sales,59870.68297,No,Hourly
1140,Engineering,74468.2009,Yes,Hourly
1143,Engineering,68864.25994,No,Hourly
1148,Engineering,60637.60204,Yes,Hourly
1150,Engineering,70240.7168,No,Hourly
1152,Finance,62299.68932,Yes,Hourly
1154,Engineering,66307.83778,Yes,Hourly
1156,Engineering,104673.7276,Yes,Manager
1157,Sales,55007.51023,No,Hourly
1158,Engineering,55056.53105,Yes,Hourly
1160,Engineering,75084.73513,No,Hourly
1161,Engineering,51910.88352,No,Hourly
1162,Engineering,59017.89943,Yes,Hourly
1163,Sales,69301.09513,No,Hourly
1164,Finance,55945.5052,No,Hourly
1165,Sales,91296.58941,Yes,Salaried
1166,Engineering,120253.7188,No,Manager
1167,Sales,143105.4738,No,Manager
1171,Sales,65289.53624,No,Hourly
1172,Engineering,74758.96269,No,Hourly
1173,Engineering,66159.2453,Yes,Hourly
1175,Engineering,70507.70139,No,Hourly
1177,Engineering,88375.05643,Yes,Salaried
1179,Sales,90146.47,No,Salaried
1180,Engineering,108906.3455,No,Manager
1182,Engineering,55865.18196,No,Hourly
1184,Engineering,102138.8806,No,Salaried
1185,Engineering,105455.8701,No,Salaried
1188,Sales,123285.2997,No,Manager
1190,Sales,68252.49815,No,Hourly
1191,Engineering,84941.73202,No,Salaried
1192,Engineering,69486.90698,Yes,Hourly
1193,Engineering,59328.71462,No,Hourly
1195,Engineering,80008.31571,No,Hourly
1196,Engineering,58410.59667,No,Hourly
1198,Engineering,79101.92392,No,Hourly
1200,Engineering,51490.49593,Yes,Hourly
1201,Engineering,108925.0633,Yes,Manager
1202,Engineering,58410.25132,Yes,Hourly
1203,Engineering,111974.1989,Yes,Manager
1204,Sales,84653.49106,No,Salaried
1206,Engineering,92550.54236,No,Salaried
1207,Finance,66964.73825,No,Hourly
1210,Engineering,64212.27237,No,Hourly
1211,Sales,65077.43415,No,Hourly
1212,Sales,91436.72988,No,Salaried
1215,Engineering,96909.8468,No,Salaried
1216,Engineering,69751.07223,No,Hourly
1217,Engineering,56468.94373,No,Hourly
1218,Sales,76199.44366,No,Hourly
1219,Engineering,58451.3796,No,Hourly
1220,Sales,82922.22373,No,Salaried
1221,Engineering,53238.98242,Yes,Hourly
1224,Engineering,78799.56176,No,Hourly
1225,Engineering,118726.5521,Yes,Manager
1226,Sales,105481.3425,Yes,Salaried
1228,Engineering,68517.43915,No,Hourly
1231,Finance,61975.49203,No,Hourly
1233,Sales,69424.6159,No,Hourly
1234,Engineering,66729.17138,No,Hourly
1235,Engineering,118717.1397,No,Manager
1237,Engineering,68707.72249,No,Hourly
1238,Engineering,66117.84606,No,Hourly
1239,Sales,59617.69495,Yes,Hourly
1240,Sales,76629.99939,Yes,Hourly
1241,Engineering,81493.60443,No,Hourly
1242,Engineering,100867.8459,Yes,Salaried
1243,Sales,129689.3796,Yes,Manager
1244,Engineering,86712.06839,No,Salaried
1245,Engineering,84115.12004,No,Salaried
1246,Engineering,94986.10783,No,Salaried
1248,Engineering,84942.59721,No,Salaried
1249,Engineering,60608.86063,No,Hourly
1250,Engineering,60188.71604,Yes,Hourly
1251,Engineering,52837.04367,No,Hourly
1252,Engineering,63588.18251,No,Hourly
1254,Sales,77008.0234,No,Hourly
1255,Engineering,56351.0696,No,Hourly
1256,Engineering,113942.6189,No,Manager
1257,Engineering,70160.65079,No,Hourly
1258,Engineering,56217.38941,No,Hourly
1259,Engineering,74859.54158,No,Hourly
1260,Engineering,54904.26784,Yes,Hourly
1263,Engineering,78355.87952,No,Hourly
1264,Engineering,59014.62603,No,Hourly
1265,Engineering,52020.03773,No,Hourly
1267,Sales,86131.06691,No,Salaried
1268,Sales,62114.93562,No,Hourly
1269,Engineering,67824.61171,No,Hourly
1270,Engineering,85384.25577,No,Salaried
1273,Sales,84950.61991,No,Salaried
1275,Engineering,86821.75668,Yes,Salaried
1277,Sales,78166.93931,No,Hourly
1278,Engineering,71512.92557,No,Hourly
1279,Engineering,81462.73269,No,Salaried
1280,Sales,58508.87019,No,Hourly
1281,Sales,77178.53702,Yes,Hourly
1282,Sales,67369.81203,No,Hourly
1283,Engineering,69612.79786,No,Hourly
1285,Engineering,77225.07803,Yes,Hourly
1286,Engineering,56693.90224,No,Hourly
1288,Engineering,49990.32763,No,Hourly
1289,Finance,106115.0753,No,Manager
1291,Engineering,75918.01783,No,Hourly
1292,Engineering,69581.0241,Yes,Hourly
1293,Sales,85103.21911,No,Salaried
1294,Engineering,51348.30634,No,Hourly
1295,Engineering,59113.55011,No,Hourly
1296,Engineering,115180.8453,Yes,Manager
1297,Engineering,81023.0273,No,Hourly
1298,Engineering,83381.78511,No,Salaried
1299,Engineering,77281.77528,No,Hourly
1301,Engineering,54359.45343,No,Hourly
1303,Engineering,49835.09803,No,Hourly
1304,Sales,58442.99328,No,Hourly
1306,Engineering,98947.501,Yes,Salaried
1307,Engineering,73364.80116,Yes,Hourly
1308,Engineering,73148.4215,No,Hourly
1309,Engineering,106967.7015,No,Manager
1310,Engineering,121457.2481,No,Manager
1311,Engineering,52994.10556,No,Hourly
1312,Engineering,88594.24906,Yes,Salaried
1314,Finance,77637.82316,Yes,Hourly
1315,Engineering,107175.9072,Yes,Manager
1317,Engineering,98176.47672,No,Salaried
1318,Sales,56320.59553,Yes,Hourly
1319,Sales,51153.98014,No,Hourly
1321,Engineering,87318.03239,No,Salaried
1322,Engineering,65568.4919,Yes,Hourly
1324,Sales,55379.39464,No,Hourly
1329,Sales,120143.223,No,Manager
1331,Sales,52075.15291,No,Hourly
1333,Engineering,88876.69631,Yes,Salaried
1334,Engineering,80132.49856,No,Salaried
1336,Engineering,49171.02075,No,Hourly
1338,Finance,84960.31038,Yes,Salaried
1340,Engineering,75236.70456,No,Hourly
1344,Engineering,89947.24626,No,Salaried
1346,Engineering,67736.29483,Yes,Hourly
1349,Sales,76714.8171,No,Hourly
1350,Engineering,83349.1664,No,Hourly
1352,Finance,70929.34977,No,Hourly
1355,Sales,85720.64062,No,Salaried
1356,Sales,74810.02841,No,Hourly
1358,Engineering,52704.27952,No,Hourly
1360,Engineering,63938.58912,No,Hourly
1361,Engineering,69358.85247,Yes,Hourly
1362,Sales,68143.16415,Yes,Hourly
1363,Engineering,54115.406,No,Hourly
1364,Sales,47056.81189,No,Hourly
1367,Engineering,120644.8422,Yes,Manager
1368,Engineering,70589.45548,Yes,Hourly
1369,Engineering,54754.86478,No,Hourly
1371,Sales,92592.52108,Yes,Salaried
1372,Sales,49535.11805,Yes,Hourly
1373,Engineering,56486.62571,No,Hourly
1374,Engineering,70229.68981,Yes,Hourly
1375,Engineering,83632.1436,Yes,Salaried
1377,Engineering,53885.93756,No,Hourly
1379,Sales,48588.70421,No,Hourly
1380,Sales,75699.90933,No,Hourly
1382,Engineering,67744.05583,No,Hourly
1383,Engineering,75985.61238,Yes,Hourly
1387,Sales,121942.7141,No,Manager
1389,Engineering,67059.90576,No,Hourly
1390,Sales,66723.00886,No,Hourly
1391,Sales,88406.65268,No,Salaried
1392,Engineering,78790.40747,No,Hourly
1394,Engineering,89539.88283,No,Salaried
1395,Sales,58235.48353,No,Hourly
1396,Sales,94464.11983,No,Salaried
1397,Engineering,86160.69156,Yes,Salaried
1399,Sales,69682.94725,Yes,Hourly
1401,Engineering,58751.42966,No,Hourly
1402,Engineering,61714.3495,No,Hourly
1403,Sales,74301.0463,No,Hourly
1405,Engineering,66455.30778,Yes,Hourly
1407,Engineering,53103.00862,Yes,Hourly
1408,Finance,66802.11806,Yes,Hourly
1409,Engineering,70588.01425,No,Hourly
1411,Engineering,54687.14791,Yes,Hourly
1412,Engineering,62071.88095,Yes,Hourly
1415,Engineering,78898.19401,No,Hourly
1417,Engineering,68163.18754,No,Hourly
1419,Finance,76275.47153,Yes,Hourly
1420,Engineering,70103.71047,Yes,Hourly
1421,Engineering,92612.1658,No,Salaried
1422,Engineering,68336.99467,No,Hourly
1423,Engineering,78119.09437,No,Hourly
1424,Engineering,61855.58567,No,Hourly
1425,Sales,77026.53227,No,Hourly
1427,Sales,90047.97349,Yes,Salaried
1428,Sales,75209.55397,No,Hourly
1430,Engineering,63023.95616,No,Hourly
1431,Engineering,54050.08928,No,Hourly
1433,Engineering,94601.17273,Yes,Salaried
1434,Engineering,92046.70575,No,Salaried
1435,Engineering,61970.22599,No,Hourly
1436,Sales,97930.86122,Yes,Salaried
1438,Engineering,57865.87404,Yes,Hourly
1439,Sales,59462.01756,Yes,Hourly
1440,Engineering,72965.64882,No,Hourly
1441,Engineering,63907.53941,Yes,Hourly
1443,Engineering,60698.16571,No,Hourly
1445,Sales,83860.64531,No,Salaried
1446,Sales,62318.45518,No,Hourly
1447,Engineering,84144.44295,No,Salaried
1448,Engineering,105443.7078,Yes,Manager
1449,Engineering,57615.41862,Yes,Hourly
1453,Sales,81174.23165,No,Hourly
1457,Sales,65943.91896,Yes,Hourly
1458,Engineering,58176.55789,No,Hourly
1459,Engineering,78660.07792,No,Hourly
1460,Engineering,56181.22337,Yes,Hourly
1461,Finance,56406.21781,No,Hourly
1464,Engineering,55641.43555,No,Hourly
1465,Engineering,70263.15255,Yes,Hourly
1466,Sales,63313.45386,No,Hourly
1467,Finance,79069.05378,No,Hourly
1468,Engineering,85980.91754,No,Salaried
1469,Sales,65497.79812,No,Hourly
1471,Engineering,59179.50778,No,Hourly
1472,Engineering,85020.76339,No,Salaried
1473,Engineering,62405.67954,No,Hourly
1474,Engineering,135949.0046,No,Manager
1475,Engineering,91270.56976,No,Salaried
1477,Sales,57269.16873,Yes,Hourly
1478,Sales,67305.84044,Yes,Hourly
1479,Sales,55036.37263,No,Hourly
1480,Engineering,72865.45777,No,Hourly
1481,Sales,78460.69736,Yes,Hourly
1482,Engineering,47631.09532,Yes,Hourly
1483,Engineering,57908.40729,No,Hourly
1484,Engineering,68914.84266,No,Hourly
1485,Engineering,83232.61589,Yes,Salaried
1486,Sales,67145.82809,Yes,Hourly
1487,Sales,102414.7395,Yes,Salaried
1489,Sales,81688.73386,Yes,Hourly
1492,Sales,80318.36934,No,Hourly
1494,Engineering,57815.21858,No,Hourly
1495,Sales,73881.41053,No,Hourly
1496,Engineering,53885.03443,No,Hourly
1497,Sales,95474.69555,No,Salaried
1499,Finance,84456.57488,No,Salaried
1501,Engineering,72895.96284,No,Hourly
1502,Engineering,92044.69416,Yes,Salaried
1503,Sales,53475.74951,No,Hourly
1504,Engineering,76767.80041,No,Hourly
1506,Engineering,139875.4848,No,Manager
1507,Sales,63125.45012,No,Hourly
1509,Engineering,55595.49039,Yes,Hourly
1513,Engineering,78682.14813,Yes,Hourly
1514,Engineering,104287.6227,No,Salaried
1515,Engineering,66230.12287,No,Hourly
1516,Engineering,55369.76771,Yes,Hourly
1520,Engineering,130849.3926,Yes,Manager
1522,Engineering,67056.80634,No,Hourly
1523,Engineering,63198.97345,No,Hourly
1525,Engineering,71574.21554,No,Hourly
1527,Sales,95194.91244,Yes,Salaried
1529,Engineering,98441.94363,Yes,Salaried
1533,Engineering,87326.18097,No,Salaried
1534,Engineering,124401.6089,No,Manager
1535,Sales,70453.99611,No,Hourly
1537,Engineering,77864.19004,No,Hourly
1539,Engineering,94094.91225,Yes,Salaried
1541,Sales,69600.46033,No,Hourly
1542,Engineering,74136.29036,No,Hourly
1543,Engineering,85420.5332,No,Salaried
1544,Engineering,97422.93756,Yes,Salaried
1545,Engineering,61832.28974,No,Hourly
1546,Engineering,66977.05155,No,Hourly
1547,Engineering,64052.79994,No,Hourly
1548,Sales,71793.75373,No,Hourly
1549,Engineering,100281.0775,No,Salaried
1550,Finance,69182.22832,No,Hourly
1551,Engineering,62241.20903,Yes,Hourly
1552,Engineering,68231.22145,No,Hourly
1553,Engineering,50796.45288,No,Hourly
1554,Sales,97423.02138,No,Salaried
1555,Engineering,53741.65951,No,Hourly
1556,Sales,72073.14522,No,Hourly
1557,Sales,63953.6083,No,Hourly
1558,Engineering,58197.22949,No,Hourly
1560,Sales,111443.294,No,Manager
1562,Sales,77192.02207,No,Hourly
1563,Finance,89592.7029,Yes,Salaried
1564,Engineering,122396.5435,No,Manager
1568,Sales,70873.16739,Yes,Hourly
1569,Engineering,125539.782,Yes,Manager
1572,Engineering,113349.6632,Yes,Manager
1573,Engineering,63614.66875,No,Hourly
1574,Engineering,69245.39475,No,Hourly
1576,Engineering,96856.69476,No,Salaried
1577,Engineering,70806.52432,Yes,Hourly
1578,Sales,92778.23729,No,Salaried
1580,Engineering,69157.79713,No,Hourly
1581,Engineering,95978.77437,No,Salaried
1582,Sales,80835.59352,Yes,Salaried
1583,Sales,76488.15042,No,Hourly
1585,Sales,61162.19252,No,Hourly
1586,Engineering,62939.32647,No,Hourly
1587,Engineering,91614.97938,No,Salaried
1588,Sales,96982.19964,No,Salaried
1590,Engineering,51388.85974,No,Hourly
1591,Sales,55258.1497,Yes,Hourly
1592,Engineering,90796.74819,No,Salaried
1594,Engineering,57741.33658,No,Hourly
1595,Engineering,60803.96927,No,Hourly
1596,Engineering,97253.38348,No,Salaried
1597,Engineering,74041.8726,Yes,Hourly
1598,Sales,83302.16657,No,Salaried
1599,Engineering,76296.49921,No,Hourly
1601,Engineering,74772.30621,No,Hourly
1602,Sales,58720.32742,No,Hourly
1604,Engineering,101272.7952,No,Salaried
1605,Engineering,62810.87081,Yes,Hourly
1606,Engineering,84745.26042,No,Salaried
1607,Engineering,64701.16663,No,Hourly
1608,Engineering,61533.9776,Yes,Hourly
1609,Engineering,88533.95847,No,Salaried
1611,Engineering,49220.48213,Yes,Hourly
1612,Sales,51463.21536,No,Hourly
1613,Sales,139030.9629,No,Manager
1614,Engineering,59370.90601,No,Hourly
1615,Engineering,65896.02964,No,Hourly
1617,Engineering,53496.01274,Yes,Hourly
1618,Engineering,72863.81419,Yes,Hourly
1619,Engineering,71779.68132,No,Hourly
1621,Engineering,52691.98159,Yes,Hourly
1622,Engineering,66662.61228,Yes,Hourly
1623,Engineering,90218.81142,No,Salaried
1624,Sales,54252.70638,No,Hourly
1625,Finance,68545.6172,No,Hourly
1627,Engineering,85075.65447,No,Salaried
1628,Engineering,89818.268,No,Salaried
1630,Engineering,76507.80654,Yes,Hourly
1631,Engineering,103019.3858,No,Salaried
1633,Engineering,78609.63232,No,Hourly
1635,Engineering,66386.6925,No,Hourly
1638,Engineering,74640.12891,No,Hourly
1639,Sales,64491.73701,No,Hourly
1640,Engineering,74267.58321,Yes,Hourly
1641,Engineering,79088.32767,Yes,Hourly
1642,Finance,50935.10563,No,Hourly
1644,Engineering,70790.97578,No,Hourly
1645,Sales,82772.57104,No,Hourly
1646,Engineering,76935.98909,No,Hourly
1647,Engineering,69764.62628,Yes,Hourly
1648,Engineering,65093.34034,No,Hourly
1649,Engineering,59915.83627,Yes,Hourly
1650,Sales,70991.26186,No,Hourly
1651,Engineering,77898.3298,No,Hourly
1653,Engineering,67677.81043,No,Hourly
1654,Engineering,52429.26422,No,Hourly
1655,Engineering,70962.33231,No,Hourly
1656,Engineering,111887.6875,No,Manager
1657,Sales,62189.6051,No,Hourly
1658,Engineering,59891.1838,Yes,Hourly
1659,Engineering,93661.24601,No,Salaried
1661,Engineering,85929.455,Yes,Salaried
1662,Engineering,77031.18712,No,Hourly
1664,Engineering,82608.0522,No,Salaried
1665,Engineering,63449.71325,Yes,Hourly
1666,Engineering,60931.99923,No,Hourly
1667,Sales,79035.75994,No,Hourly
1668,Engineering,78464.25928,No,Hourly
1669,Sales,73907.08629,No,Hourly
1670,Sales,62571.21326,No,Hourly
1671,Engineering,53113.5348,No,Hourly
1673,Sales,56177.12541,Yes,Hourly
1674,Engineering,74980.74178,Yes,Hourly
1675,Engineering,59577.63667,No,Hourly
1676,Sales,81009.39746,Yes,Hourly
1677,Engineering,53964.0617,No,Hourly
1678,Sales,74098.96324,No,Hourly
1680,Sales,77011.93657,No,Hourly
1681,Sales,74548.18679,Yes,Hourly
1682,Engineering,80928.85762,No,Hourly
1683,Finance,67389.03611,Yes,Hourly
1684,Engineering,66896.82718,No,Hourly
1687,Engineering,66976.80553,No,Hourly
1689,Engineering,70143.35921,No,Hourly
1691,Sales,99825.411,No,Salaried
1692,Engineering,94514.3463,No,Salaried
1693,Engineering,63222.32485,No,Hourly
1694,Engineering,48411.02504,No,Hourly
1696,Engineering,75123.33587,Yes,Hourly
1697,Engineering,64194.7882,No,Hourly
1698,Engineering,84685.3705,No,Salaried
1700,Sales,66642.0199,No,Hourly
1701,Engineering,57248.77443,No,Hourly
1702,Sales,70432.04944,Yes,Hourly
1703,Engineering,46112.04272,No,Hourly
1704,Engineering,48786.8723,No,Hourly
1706,Sales,49491.14774,No,Hourly
1707,Engineering,63165.5944,No,Hourly
1708,Sales,73796.57863,No,Hourly
1709,Engineering,67242.0346,No,Hourly
1710,Sales,71661.62412,Yes,Hourly
1712,Engineering,90141.60568,No,Salaried
1714,Finance,73556.72878,Yes,Hourly
1716,Sales,51308.26551,No,Hourly
1718,Engineering,64793.55675,Yes,Hourly
1719,Engineering,45529.69024,Yes,Hourly
1720,Engineering,77170.32321,No,Hourly
1721,Engineering,50399.96797,No,Hourly
1722,Finance,115939.3637,No,Manager
1724,Engineering,72223.8366,No,Hourly
1725,Engineering,86458.76993,No,Salaried
1727,Engineering,83296.13712,No,Salaried
1728,Engineering,64093.12495,Yes,Hourly
1729,Engineering,61970.40351,No,Hourly
1731,Sales,77706.67274,Yes,Hourly
1732,Sales,109086.951,Yes,Manager
1733,Sales,64473.21904,No,Hourly
1734,Sales,71025.87842,No,Hourly
1735,Engineering,72287.2014,Yes,Hourly
1736,Engineering,77100.40033,No,Hourly
1737,Engineering,61411.01196,No,Hourly
1739,Sales,72219.40644,No,Hourly
1740,Sales,80232.00534,Yes,Salaried
1744,Finance,99445.68871,Yes,Salaried
1745,Engineering,48344.15108,No,Hourly
1746,Finance,59235.68874,Yes,Hourly
1747,Finance,75669.84489,Yes,Hourly
1749,Sales,109083.5149,No,Manager
1751,Engineering,71800.16098,No,Hourly
1752,Sales,71771.0491,No,Hourly
1753,Engineering,77526.10384,No,Hourly
1754,Sales,87448.1141,Yes,Salaried
1755,Engineering,53370.71302,No,Hourly
1756,Sales,60127.54867,No,Hourly
1757,Sales,61226.95679,No,Hourly
1758,Sales,95877.42606,Yes,Salaried
1760,Engineering,82661.93767,No,Salaried
1761,Sales,76206.88837,No,Hourly
1762,Engineering,123207.0666,Yes,Manager
1763,Engineering,63548.29196,No,Hourly
1764,Engineering,79075.48915,No,Hourly
1766,Engineering,46654.93108,No,Hourly
1767,Engineering,97929.78139,No,Salaried
1768,Engineering,84822.29074,Yes,Salaried
1770,Engineering,55237.08678,No,Hourly
1771,Engineering,69223.21117,Yes,Hourly
1772,Engineering,72612.99731,Yes,Hourly
1774,Sales,77913.99994,Yes,Hourly
1775,Engineering,56485.32646,No,Hourly
1778,Finance,81801.41266,No,Hourly
1779,Sales,71035.1472,No,Hourly
1780,Sales,81424.87677,No,Hourly
1782,Engineering,52525.57509,No,Hourly
1783,Engineering,66888.48649,Yes,Hourly
1784,Sales,61794.91534,No,Hourly
1786,Engineering,85210.40704,No,Salaried
1787,Sales,58317.0537,Yes,Hourly
1789,Engineering,72097.76572,Yes,Hourly
1790,Engineering,69130.95989,No,Hourly
1792,Engineering,56511.27457,Yes,Hourly
1794,Finance,64062.7919,No,Hourly
1797,Sales,108525.0464,No,Manager
1798,Engineering,72918.88604,No,Hourly
1799,Engineering,62038.05133,No,Hourly
1800,Engineering,75414.58243,No,Hourly
1801,Sales,80692.04109,No,Hourly
1802,Engineering,55197.74007,No,Hourly
1803,Engineering,84089.3726,Yes,Salaried
1804,Engineering,67221.66172,No,Hourly
1805,Finance,84263.82011,No,Salaried
1807,Engineering,90117.22882,No,Salaried
1809,Engineering,95751.1752,No,Salaried
1812,Sales,108131.1387,No,Manager
1813,Engineering,61769.32652,No,Hourly
1814,Engineering,67373.71038,No,Hourly
1815,Sales,69812.4214,No,Hourly
1816,Engineering,69480.34587,No,Hourly
1818,Finance,50185.9529,No,Hourly
1821,Engineering,56134.47161,No,Hourly
1822,Engineering,48411.75414,Yes,Hourly
1823,Sales,99031.7991,No,Salaried
1824,Sales,72909.59232,No,Hourly
1826,Engineering,62524.8583,No,Hourly
1827,Engineering,76323.70087,No,Hourly
1829,Engineering,75454.83962,No,Hourly
1830,Engineering,52099.91134,Yes,Hourly
1833,Sales,52482.3294,No,Hourly
1834,Engineering,87913.48799,No,Salaried
1835,Sales,104734.8345,No,Salaried
1836,Sales,60052.95806,No,Hourly
1837,Engineering,55965.5907,Yes,Hourly
1839,Engineering,109190.8153,No,Manager
1842,Finance,56769.58962,No,Hourly
1844,Finance,103809.8899,No,Salaried
1845,Sales,102866.71,Yes,Salaried
1847,Engineering,58922.35558,Yes,Hourly
1849,Sales,124461.4846,No,Manager
1850,Engineering,88884.49843,No,Salaried
1852,Engineering,74023.47922,No,Hourly
1853,Sales,52711.15066,Yes,Hourly
1854,Engineering,58855.32805,Yes,Hourly
1856,Engineering,64108.90741,Yes,Hourly
1857,Engineering,84164.74107,No,Salaried
1858,Finance,61833.69926,No,Hourly
1859,Engineering,63945.36812,Yes,Hourly
1860,Engineering,56567.60258,No,Hourly
1862,Sales,67558.90718,No,Hourly
1863,Sales,59751.90579,Yes,Hourly
1864,Sales,88578.15204,No,Salaried
1865,Finance,111836.7644,No,Manager
1866,Engineering,117719.5328,Yes,Manager
1867,Engineering,71148.56431,No,Hourly
1868,Engineering,68441.93201,Yes,Hourly
1869,Sales,57364.0381,No,Hourly
1870,Engineering,84173.2479,No,Salaried
1871,Engineering,54095.05069,No,Hourly
1873,Engineering,80738.76212,No,Hourly
1875,Sales,82930.35469,No,Salaried
1876,Sales,89589.90736,No,Salaried
1878,Engineering,61605.19855,Yes,Hourly
1880,Sales,68289.09047,No,Hourly
1881,Engineering,52660.59245,No,Hourly
1882,Sales,57803.88727,Yes,Hourly
1883,Engineering,70364.40895,No,Hourly
1885,Engineering,54588.85759,No,Hourly
1886,Engineering,73656.29255,No,Hourly
1888,Engineering,65587.49682,No,Hourly
1890,Finance,98129.31652,No,Salaried
1892,Engineering,85860.30532,No,Salaried
1893,Engineering,72888.38861,No,Hourly
1898,Sales,50630.32694,No,Hourly
1900,Engineering,48886.02171,No,Hourly
1903,Engineering,56324.24342,No,Hourly
1905,Engineering,104497.1362,Yes,Manager
1907,Engineering,60083.23573,No,Hourly
1908,Sales,69097.70519,No,Hourly
1909,Sales,96326.24246,No,Salaried
1911,Engineering,74106.89917,No,Hourly
1912,Sales,66851.18493,No,Hourly
1915,Sales,88145.29586,No,Salaried
1916,Engineering,55110.52025,No,Hourly
1918,Engineering,64396.05159,Yes,Hourly
1922,Engineering,51138.62043,No,Hourly
1924,Sales,56225.62056,No,Hourly
1927,Sales,84216.25589,Yes,Salaried
1928,Sales,65583.45701,Yes,Hourly
1929,Sales,59043.00694,No,Hourly
1931,Engineering,47793.89554,No,Hourly
1932,Engineering,74271.2084,No,Hourly
1933,Sales,69291.38432,No,Hourly
1934,Engineering,95035.89455,No,Salaried
1935,Sales,76267.29962,No,Hourly
1936,Engineering,143203.1874,Yes,Manager
1937,Engineering,47950.86956,No,Hourly
1938,Sales,76063.98704,No,Hourly
1939,Engineering,55091.91255,No,Hourly
1940,Engineering,62558.11324,No,Hourly
1941,Engineering,69742.27667,No,Hourly
1943,Sales,102660.199,No,Salaried
1944,Finance,127013.2159,No,Manager
1945,Sales,74285.51107,No,Hourly
1947,Engineering,74876.73551,Yes,Hourly
1948,Engineering,82912.42024,No,Salaried
1949,Engineering,104131.9628,Yes,Salaried
1950,Sales,55492.38631,Yes,Hourly
1951,Sales,73876.79807,Yes,Hourly
1952,Engineering,69196.61186,No,Hourly
1954,Engineering,84895.72688,Yes,Salaried
1955,Engineering,104029.4993,No,Salaried
1956,Engineering,103032.3374,No,Salaried
1960,Engineering,69669.16762,No,Hourly
1961,Sales,84987.09107,No,Salaried
1962,Sales,111049.2745,No,Manager
1965,Sales,61620.51231,No,Hourly
1966,Engineering,56793.24718,No,Hourly
1967,Sales,101666.501,No,Salaried
1968,Sales,50873.81169,No,Hourly
1969,Engineering,81203.91425,Yes,Hourly
1970,Engineering,87433.44606,No,Salaried
1971,Engineering,126574.9515,No,Manager
1972,Finance,89861.43433,No,Salaried
1973,Finance,84730.66601,No,Salaried
1974,Engineering,74955.37433,No,Hourly
1975,Sales,71606.84879,No,Hourly
1976,Engineering,68524.93118,Yes,Hourly
1979,Engineering,73009.28599,No,Hourly
1980,Engineering,83473.8034,Yes,Salaried
1981,Engineering,104424.6249,No,Manager
1982,Engineering,64314.19665,No,Hourly
1985,Engineering,70117.80994,No,Hourly
1986,Sales,66065.05293,No,Hourly
1987,Finance,113359.2438,No,Manager
1989,Engineering,55894.17779,No,Hourly
1992,Engineering,97844.91119,Yes,Salaried
1993,Engineering,56367.18931,Yes,Hourly
1994,Engineering,69649.74011,Yes,Hourly
1995,Sales,92049.86662,No,Salaried
1996,Sales,86735.96492,No,Salaried
1997,Engineering,56127.40021,No,Hourly
1998,Engineering,73899.35398,No,Hourly
1999,Engineering,58686.45158,Yes,Hourly
2000,Engineering,57990.64542,No,Hourly
2003,Engineering,72078.77415,No,Hourly
2007,Engineering,81647.96948,No,Salaried
2008,Engineering,72888.05702,Yes,Hourly
2009,Engineering,54438.24338,Yes,Hourly
2010,Engineering,59901.49257,No,Hourly
2012,Engineering,67519.83499,No,Hourly
2013,Sales,54806.7017,No,Hourly
2014,Engineering,63530.41032,Yes,Hourly
2015,Engineering,56131.36551,No,Hourly
2016,Sales,68698.75301,No,Hourly
2017,Engineering,82738.4368,No,Salaried
2018,Sales,118111.7784,No,Manager
2019,Sales,84994.06235,Yes,Salaried
2020,Engineering,88089.92964,Yes,Salaried
2021,Sales,108386.7029,Yes,Manager
2022,Engineering,55772.92799,No,Hourly
2023,Sales,130706.8869,No,Manager
2024,Sales,71719.05782,No,Hourly
2025,Engineering,54341.65028,No,Hourly
2026,Engineering,75616.2639,No,Hourly
2027,Engineering,54640.52904,Yes,Hourly
2031,Engineering,58177.17424,No,Hourly
2032,Engineering,54206.07806,No,Hourly
2034,Engineering,85396.33069,Yes,Salaried
2035,Sales,81545.78924,No,Salaried
2036,Sales,81141.34638,Yes,Salaried
2037,Sales,69505.53668,No,Hourly
2038,Engineering,72988.32234,No,Hourly
2040,Finance,97911.06418,Yes,Salaried
2041,Sales,115149.3577,No,Manager
2044,Sales,68502.00093,No,Hourly
2045,Sales,56339.79765,No,Hourly
2046,Sales,80524.47338,No,Hourly
2048,Engineering,64525.18397,No,Hourly
2049,Engineering,75396.5276,No,Hourly
2051,Engineering,47206.87819,No,Hourly
2052,Engineering,66035.27852,No,Hourly
2053,Engineering,69582.76372,No,Hourly
2054,Engineering,53629.6701,No,Hourly
2055,Sales,58998.70842,No,Hourly
2056,Sales,91331.25814,No,Salaried
2057,Engineering,63204.96374,Yes,Hourly
2060,Sales,74188.50073,No,Hourly
2061,Engineering,49384.53146,No,Hourly
2062,Engineering,78588.46832,Yes,Hourly
2064,Engineering,87528.24317,No,Salaried
2065,Sales,67971.31922,No,Hourly
2068,Engineering,63652.14172,No,Hourly
